#,Project,Issue link,Execution context,Single-variable/Multi-variable,Global variable(s),GVAx access,Interrupt handler access,GVAy access,Distance
1,esp-idf,https://github.com/espressif/esp-idf/issues/15444,"Normal execution, Interrupt handler",Multi-variable,"i2c_master->trans_idx, i2c_master->status",i2c_master.c:470 Write,i2c_master.c:647 Read; i2c_master.c:648 Read,i2c_master.c:471 Write,2
2,FreeRTOS-Kernel,https://github.com/FreeRTOS/FreeRTOS-Kernel/issues/419,"Normal execution, Interrupt handler",Single-variable,pxQueue->cRxLock,queue.c:277 Write,queue.c:1909 Write,queue.c:2344 Read,14
3,mbed-os,https://github.com/ARMmbed/mbed-os/issues/15498,"Normal execution, Interrupt handler",Single-variable,obj_s->pending_slave_tx_master_rx,i2c_api.c:1681 Read,i2c_api.c:1575 Write; i2c_api.c:1562 Write,i2c_api.c:1681 Read,34
4,mbed-os,https://github.com/ARMmbed/mbed-os/issues/1049,"Normal execution, Interrupt handler",Single-variable,page,USBMSD.cpp:139 Read,USBMSD.cpp:230 Write,USBMSD.cpp:140 Write,0
5,pico-sdk,https://github.com/raspberrypi/pico-sdk/issues/195,"Normal execution, Interrupt handler",Single-variable,timer_callbacks_pending,timer.c:170 Read+Write,timer.c:116 Read+Write,timer.c:189 Read+Write,47
6,fsp,https://github.com/renesas/fsp/issues/57,"Interrupt handler, Higher-priority interrupt handler",Single-variable,pxDelayedTaskList->xListEnd.pxNext,tasks.c:2779 Read,tasks.c:3189 Write ,tasks.c:2798 Write,20
7,rt-thread,https://github.com/RT-Thread/rt-thread/issues/11622,"Interrupt handler, Higher-priority interrupt handler",Multi-variable,"t->parent.flag, thread->sched_thread_ctx.sched_flag_ttmr_set, thread->sched_thread_ctx.stat",timer.c:518 Write,scheduler_comm.c:80 Read; scheduler_comm.c:85 Write,thread.c:163 Read,4
8,tinyusb,https://github.com/hathach/tinyusb/issues/1741,"Normal execution, Interrupt handler",Multi-variable,"ep->active, buf_ctrl_reg",rp2040_usb.c:232 Read,rp2040_usb.c:91 Write,rp2040_usb.c:123 Write,78
9,zephyr,https://github.com/zephyrproject-rtos/zephyr/issues/63730,"Normal execution, Interrupt handler",Single-variable,drv_data->next_tx_buffer_needed,i2s_nrfx.c:605 Read,i2s_nrfx.c:368 Write,i2s_nrfx.c:608 Write,5
10,zephyr,https://github.com/zephyrproject-rtos/zephyr/issues/102001,"Normal execution, Interrupt handler",Multi-variable,"data->async.rx_dma_params.counter, data->async.rx_dma_params.offset",uart_mcux_lpuart.c:475 Read,uart_mcux_lpuart.c:681 Write,uart_mcux_lpuart.c:475 Read,0
11,zephyr,https://github.com/zephyrproject-rtos/zephyr/issues/77060,"Normal execution, Interrupt handler",Multi-variable,"data->async_rx.enabled, data->async_rx.discard_fifo",uart_nrfx_uarte.c:1024 Write,uart_nrfx_uarte.c:1024 Read; uart_nrfx_uarte.c:1394 Write,uart_nrfx_uarte.c:1025 Write,16
12,zephyr,https://github.com/zephyrproject-rtos/zephyr/issues/104530,"Interrupt handler, Higher-priority interrupt handler",Multi-variable,"CSR_MISELECT, CSR_MIREG",intc_clic.c:256 Write,intc_clic.c:126 Write,intc_clic.c:257 Read+Write,2
13,zephyr,https://github.com/zephyrproject-rtos/zephyr/issues/105130,"Interrupt handler, Higher-priority interrupt handler",Multi-variable,"work->flags, timeout_list",timeout.c:248 Write,work.c:1083 Read+Write; work.c:1052 Write,work.c:981 Read+Write,40
14,zephyr,https://github.com/zephyrproject-rtos/zephyr/issues/12342,"Normal execution, Interrupt handler",Single-variable,_kernel.ready_q.runq,sched.c:312 Write,sched.c:244 Write,sched.c:383 Read,26
15,zephyr,https://github.com/zephyrproject-rtos/zephyr/issues/2769,"Normal execution, Interrupt handler",Multi-variable,"sem->wait_q, thread->callee_saved.psp",sem.c:363 Write,kernel_arch_func.h:66 Read,swap.S:92 Write,7
